Company Name,Company URL,Company Type,Crunchbase URL,Funding Amount,Funded Date,Funding Type,Location,Company Email,Employee No.,Founders List,Founders Email,Founders Phone
Warburg AI LLC,https://www.warburg.ai/,For Profit,https://www.crunchbase.com/organization/warburg-ai,$250k,"Nov 4, 2024.",Seed,UAE,hello@warburg.ai,1-10,"Ben Pfeffer, Lancelot De Briey, Madiyar Ismagulov","benpfefferpro@gmail.com , madiyour@gmail.com ",
Astrix Health,https://www.astrix.health/,For Profit,https://www.crunchbase.com/organization/astrix-health,$500k,"Oct 10, 2024.",Pre-Seed,US,hello@astrix.health,1-10,Abhinav Swaminathan,founders@astrix.com,
Intryc,intryc.com,For Profit,https://www.crunchbase.com/organization/sentify-ac9e/company_financials,$1.6M,"Sep 25, 2024",Pre-Seed,US,contact@intryc.com,1-10,Alex Marantelos,alexmarantel@gmail.com,
Garage AI,garageai.co,For Profit,https://www.crunchbase.com/organization/garage-ai,$150k,"Sep 10, 2024.",Pre-Seed,"Istanbul,Turkey",hello@garageai.co,1-10,not given,hello@garageai.co,
Zario,https://www.meetzario.com/features,For Profit,https://www.crunchbase.com/organization/zario,Euro 160k,"Apr 24, 2023",Grant,US,info@meetzario.com,1-10,Killian Chiao No,killianfjellbakk.com,
Autonomous Minds,autonomousminds.ai,For Profit,https://www.crunchbase.com/organization/autonomous-minds,Euro 50k,"Oct 26, 2024.",Pre-Seed,EMEA,info@autonomousminds.ai,1-10,Dr Andreas Koeberl,andreas@betgames.tv ,
Verngo Global,https://verngoglobal.wixstudio.com/verngo/blank-1,Non Profit,https://www.crunchbase.com/organization/verngo-global,$200k,,Pre-Seed,"TX, US",info@verngoglobal.com,1-10,Muhammad Zohaib Nadiadwala,muhammadzohaibvohranadiadwala@gmail.com,923172109736
Icon,icon.me,For Profit,https://www.crunchbase.com/organization/icon-ai,,"Sep 4, 2024.",Venture,"NY, US",help@icon.me,11-50,Kennan Davison,kennandavison@gmail.com,
Talkif,talkif.ai,For Profit,https://www.crunchbase.com/organization/talkif/company_financials,,"Oct 18, 2024.",ANgel,"Delaware,US",info@talkif.ai,1-10,Omer Isgor,omer.isgor@rimoi.com,
Wurkzen Nexus,www.wurkzen.com,For Profit,https://www.crunchbase.com/organization/wurkzen,,"Sep 1, 2024.",Pre-Seed,"FL, US",rcabrera@wurkzen.com,1-10,Rick Cabrera,rcabrera@wurkzen.com,